timestamp,frame,state,in_zone,has_ppe,ppe_items
2026-03-18T12:22:23.487844,1,PPE_VIOLATION_SAFE,False,False,None
2026-03-18T12:22:23.487844,1,PPE_VIOLATION_SAFE,False,False,None
2026-03-18T12:22:23.636429,2,PPE_VIOLATION_SAFE,False,False,None
2026-03-18T12:22:23.636429,2,PPE_VIOLATION_SAFE,False,False,None
2026-03-18T12:22:23.699695,3,PPE_VIOLATION_SAFE,False,False,None
2026-03-18T12:22:23.752449,4,PPE_VIOLATION_SAFE,False,False,None
2026-03-18T12:22:23.802113,5,PPE_VIOLATION_SAFE,False,False,None
2026-03-18T12:22:23.802113,5,PPE_VIOLATION_SAFE,False,False,None
2026-03-18T12:22:23.846624,6,PPE_VIOLATION_SAFE,False,False,None
2026-03-18T12:22:23.846624,6,PPE_VIOLATION_SAFE,False,False,None
2026-03-18T12:22:24.041584,10,PPE_VIOLATION_SAFE,False,False,None
2026-03-18T12:22:24.096834,11,PPE_VIOLATION_SAFE,False,False,None
2026-03-18T12:22:24.096834,11,PPE_VIOLATION_SAFE,False,False,None
2026-03-18T12:22:24.142669,12,PPE_VIOLATION_SAFE,False,False,None
2026-03-18T12:22:24.204633,13,PPE_VIOLATION_SAFE,False,False,None
2026-03-18T12:22:24.204633,13,PPE_VIOLATION_SAFE,False,False,None
2026-03-18T12:22:24.256101,14,PPE_VIOLATION_SAFE,False,False,None
2026-03-18T12:22:24.256101,14,PPE_VIOLATION_SAFE,False,False,None
2026-03-18T12:22:24.300300,15,PPE_VIOLATION_SAFE,False,False,None
2026-03-18T12:22:24.300300,15,PPE_VIOLATION_SAFE,False,False,None
2026-03-18T12:22:24.344988,16,PPE_VIOLATION_SAFE,False,False,None
2026-03-18T12:22:24.344988,16,PPE_VIOLATION_SAFE,False,False,None
2026-03-18T12:22:24.383522,17,PPE_VIOLATION_SAFE,False,False,None
2026-03-18T12:22:24.383522,17,PPE_VIOLATION_SAFE,False,False,None
2026-03-18T12:22:24.448505,18,PPE_VIOLATION_SAFE,False,False,None
2026-03-18T12:22:24.448505,18,PPE_VIOLATION_SAFE,False,False,None
2026-03-18T12:22:24.508546,19,PPE_VIOLATION_SAFE,False,False,None
2026-03-18T12:22:24.554085,20,PPE_VIOLATION_SAFE,False,False,None
2026-03-18T12:22:24.554085,20,PPE_VIOLATION_SAFE,False,False,None
2026-03-18T12:22:24.595536,21,PPE_VIOLATION_SAFE,False,False,None
2026-03-18T12:22:24.595536,21,PPE_VIOLATION_SAFE,False,False,None
2026-03-18T12:22:24.659174,22,PPE_VIOLATION_SAFE,False,False,None
2026-03-18T12:22:24.659174,22,PPE_VIOLATION_SAFE,False,False,None
2026-03-18T12:22:24.707619,23,PPE_VIOLATION_SAFE,False,False,None
2026-03-18T12:22:24.707619,23,PPE_VIOLATION_SAFE,False,False,None
2026-03-18T12:22:24.762019,24,PPE_VIOLATION_SAFE,False,False,None
2026-03-18T12:22:24.762019,24,PPE_VIOLATION_SAFE,False,False,None
2026-03-18T12:22:24.816141,25,PPE_VIOLATION_SAFE,False,False,None
2026-03-18T12:22:24.816141,25,PPE_VIOLATION_SAFE,False,False,None
2026-03-18T12:22:24.865098,26,PPE_VIOLATION_SAFE,False,False,None
2026-03-18T12:22:24.865098,26,PPE_VIOLATION_SAFE,False,False,None
2026-03-18T12:22:24.865098,26,PPE_VIOLATION_SAFE,False,False,None
2026-03-18T12:22:24.917784,27,PPE_VIOLATION_SAFE,False,False,None
2026-03-18T12:22:24.917784,27,PPE_VIOLATION_SAFE,False,False,None
2026-03-18T12:22:24.917784,27,PPE_VIOLATION_SAFE,False,False,None
2026-03-18T12:22:24.976623,28,PPE_VIOLATION_SAFE,False,False,None
2026-03-18T12:22:24.976623,28,PPE_VIOLATION_SAFE,False,False,None
2026-03-18T12:22:24.976623,28,PPE_VIOLATION_SAFE,False,False,None
2026-03-18T12:22:25.036639,29,PPE_VIOLATION_SAFE,False,False,None
2026-03-18T12:22:25.036639,29,PPE_VIOLATION_SAFE,False,False,None
2026-03-18T12:22:25.036639,29,PPE_VIOLATION_SAFE,False,False,None
2026-03-18T12:22:25.090797,30,PPE_VIOLATION_SAFE,False,False,None
2026-03-18T12:22:25.090797,30,PPE_VIOLATION_SAFE,False,False,None
2026-03-18T12:22:25.090797,30,PPE_VIOLATION_SAFE,False,False,None
2026-03-18T12:22:25.153950,31,PPE_VIOLATION_SAFE,False,False,None
2026-03-18T12:22:25.153950,31,PPE_VIOLATION_SAFE,False,False,None
2026-03-18T12:22:25.153950,31,PPE_VIOLATION_SAFE,False,False,None
2026-03-18T12:22:25.196490,32,PPE_VIOLATION_SAFE,False,False,None
2026-03-18T12:22:25.196490,32,PPE_VIOLATION_SAFE,False,False,None
2026-03-18T12:22:25.196490,32,PPE_VIOLATION_SAFE,False,False,None
2026-03-18T12:22:25.239099,33,PPE_VIOLATION_SAFE,False,False,None
2026-03-18T12:22:25.239099,33,PPE_VIOLATION_SAFE,False,False,None
2026-03-18T12:22:25.239099,33,PPE_VIOLATION_SAFE,False,False,None
2026-03-18T12:22:25.281604,34,PPE_VIOLATION_SAFE,False,False,None
2026-03-18T12:22:25.281604,34,PPE_VIOLATION_SAFE,False,False,None
2026-03-18T12:22:25.281604,34,PPE_VIOLATION_SAFE,False,False,None
2026-03-18T12:22:25.329466,35,PPE_VIOLATION_SAFE,False,False,None
2026-03-18T12:22:25.329466,35,PPE_VIOLATION_SAFE,False,False,None
2026-03-18T12:22:25.329466,35,PPE_VIOLATION_SAFE,False,False,None
2026-03-18T12:22:25.401498,36,PPE_VIOLATION_SAFE,False,False,None
2026-03-18T12:22:25.401498,36,PPE_VIOLATION_SAFE,False,False,None
2026-03-18T12:22:25.458993,37,PPE_VIOLATION_SAFE,False,False,None
2026-03-18T12:22:25.458993,37,PPE_VIOLATION_SAFE,False,False,None
2026-03-18T12:22:25.512279,38,PPE_VIOLATION_SAFE,False,False,None
2026-03-18T12:22:25.512279,38,PPE_VIOLATION_SAFE,False,False,None
2026-03-18T12:22:25.561394,39,PPE_VIOLATION_SAFE,False,False,None
2026-03-18T12:22:25.561394,39,PPE_VIOLATION_SAFE,False,False,None
2026-03-18T12:22:25.713747,42,PPE_VIOLATION_SAFE,False,False,None
2026-03-18T12:22:25.758538,43,PPE_VIOLATION_SAFE,False,False,None
2026-03-18T12:22:25.809264,44,PPE_VIOLATION_SAFE,False,False,None
2026-03-18T12:22:25.859155,45,PPE_VIOLATION_SAFE,False,False,None
2026-03-18T12:22:25.859155,45,PPE_VIOLATION_SAFE,False,False,None
2026-03-18T12:22:25.912953,46,PPE_VIOLATION_SAFE,False,False,None
2026-03-18T12:22:25.967866,47,PPE_VIOLATION_SAFE,False,False,None
2026-03-18T12:22:26.053910,49,PPE_VIOLATION_SAFE,False,False,None
2026-03-18T12:22:26.105760,50,PPE_VIOLATION_SAFE,False,False,None
2026-03-18T12:22:26.148233,51,PPE_VIOLATION_SAFE,False,False,None
2026-03-18T12:22:26.198838,52,PPE_VIOLATION_SAFE,False,False,None
2026-03-18T12:22:26.253374,53,PPE_VIOLATION_SAFE,False,False,None
2026-03-18T12:22:26.294529,54,PPE_VIOLATION_SAFE,False,False,None
2026-03-18T12:22:26.352536,55,PPE_VIOLATION_SAFE,False,False,None
2026-03-18T12:22:26.352536,55,PPE_VIOLATION_SAFE,False,False,None
2026-03-18T12:22:26.394808,56,PPE_VIOLATION_SAFE,False,False,None
2026-03-18T12:22:26.394808,56,PPE_VIOLATION_SAFE,False,False,None
2026-03-18T12:22:26.454732,57,PPE_VIOLATION_SAFE,False,False,None
2026-03-18T12:22:26.454732,57,PPE_VIOLATION_SAFE,False,False,None
2026-03-18T12:22:26.505892,58,PPE_VIOLATION_SAFE,False,False,None
2026-03-18T12:22:26.505892,58,PPE_VIOLATION_SAFE,False,False,None
2026-03-18T12:22:26.550320,59,PPE_VIOLATION_SAFE,False,False,None
2026-03-18T12:22:26.550320,59,COMPLIANT,False,True,Vest
2026-03-18T12:22:26.550320,59,PPE_VIOLATION_SAFE,False,False,None
2026-03-18T12:22:26.597501,60,PPE_VIOLATION_SAFE,False,False,None
2026-03-18T12:22:26.648305,61,PPE_VIOLATION_SAFE,False,False,None
2026-03-18T12:22:26.648305,61,PPE_VIOLATION_SAFE,False,False,None
2026-03-18T12:22:26.706104,62,PPE_VIOLATION_SAFE,False,False,None
2026-03-18T12:22:26.706104,62,PPE_VIOLATION_SAFE,False,False,None
2026-03-18T12:22:26.756496,63,PPE_VIOLATION_SAFE,False,False,None
2026-03-18T12:22:26.756496,63,PPE_VIOLATION_SAFE,False,False,None
2026-03-18T12:22:26.802682,64,PPE_VIOLATION_SAFE,False,False,None
2026-03-18T12:22:26.857942,65,PPE_VIOLATION_SAFE,False,False,None
2026-03-18T12:22:26.911485,66,PPE_VIOLATION_SAFE,False,False,None
2026-03-18T12:22:26.959694,67,PPE_VIOLATION_SAFE,False,False,None
2026-03-18T12:22:27.006550,68,PPE_VIOLATION_SAFE,False,False,None
2026-03-18T12:22:27.052963,69,PPE_VIOLATION_SAFE,False,False,None
2026-03-18T12:22:27.100639,70,PPE_VIOLATION_SAFE,False,False,None
2026-03-18T12:22:27.148183,71,PPE_VIOLATION_SAFE,False,False,None
2026-03-18T12:22:27.197209,72,PPE_VIOLATION_SAFE,False,False,None
2026-03-18T12:22:27.237736,73,PPE_VIOLATION_SAFE,False,False,None
2026-03-18T12:22:27.296427,74,PPE_VIOLATION_SAFE,False,False,None
2026-03-18T12:22:27.337643,75,PPE_VIOLATION_SAFE,False,False,None
2026-03-18T12:22:27.389638,76,PPE_VIOLATION_SAFE,False,False,None
2026-03-18T12:22:27.435367,77,PPE_VIOLATION_SAFE,False,False,None
2026-03-18T12:22:27.486228,78,PPE_VIOLATION_SAFE,False,False,None
2026-03-18T12:22:27.539162,79,PPE_VIOLATION_SAFE,False,False,None
2026-03-18T12:22:27.704509,82,PPE_VIOLATION_SAFE,False,False,None
2026-03-18T12:22:27.752302,83,PPE_VIOLATION_SAFE,False,False,None
2026-03-18T12:22:27.793751,84,PPE_VIOLATION_SAFE,False,False,None
2026-03-18T12:22:27.846871,85,PPE_VIOLATION_SAFE,False,False,None
2026-03-18T12:22:27.895562,86,PPE_VIOLATION_SAFE,False,False,None
2026-03-18T12:22:27.895562,86,COMPLIANT,False,True,Vest
2026-03-18T12:22:27.935897,87,PPE_VIOLATION_SAFE,False,False,None
2026-03-18T12:22:27.935897,87,COMPLIANT,False,True,Vest
2026-03-18T12:22:27.979876,88,PPE_VIOLATION_SAFE,False,False,None
2026-03-18T12:22:28.043665,89,CRITICAL_VIOLATION,True,False,None
2026-03-18T12:22:28.086457,90,PPE_VIOLATION_SAFE,False,False,None
2026-03-18T12:22:28.139547,91,PPE_VIOLATION_SAFE,False,False,None
2026-03-18T12:22:30.642686,128,CRITICAL_VIOLATION,True,False,None
2026-03-18T12:22:30.724218,129,CRITICAL_VIOLATION,True,False,None
2026-03-18T12:22:30.790611,130,CRITICAL_VIOLATION,True,False,None
2026-03-18T12:22:30.872803,131,CRITICAL_VIOLATION,True,False,None
2026-03-18T12:22:30.973597,132,CRITICAL_VIOLATION,True,False,None
2026-03-18T12:22:31.052232,133,CRITICAL_VIOLATION,True,False,None
2026-03-18T12:22:31.154102,134,CRITICAL_VIOLATION,True,False,None
2026-03-18T12:22:31.240833,135,CRITICAL_VIOLATION,True,False,None
2026-03-18T12:22:31.312210,136,CRITICAL_VIOLATION,True,False,None
2026-03-18T12:22:31.382642,137,CRITICAL_VIOLATION,True,False,None
2026-03-18T12:22:31.450717,138,CRITICAL_VIOLATION,True,False,None
2026-03-18T12:22:31.549881,139,CRITICAL_VIOLATION,True,False,None
2026-03-18T12:22:31.634795,140,CRITICAL_VIOLATION,True,False,None
2026-03-18T12:22:31.707941,141,CRITICAL_VIOLATION,True,False,None
2026-03-18T12:22:31.779704,142,CRITICAL_VIOLATION,True,False,None
2026-03-18T12:22:31.845138,143,CRITICAL_VIOLATION,True,False,None
2026-03-18T12:22:31.925687,144,CRITICAL_VIOLATION,True,False,None
2026-03-18T12:22:32.028570,145,CRITICAL_VIOLATION,True,False,None
2026-03-18T12:22:32.120803,146,CRITICAL_VIOLATION,True,False,None
2026-03-18T12:22:32.211735,147,CRITICAL_VIOLATION,True,False,None
2026-03-18T12:22:32.320522,148,CRITICAL_VIOLATION,True,False,None
2026-03-18T12:22:32.422317,149,CRITICAL_VIOLATION,True,False,None
2026-03-18T12:22:32.519457,150,CRITICAL_VIOLATION,True,False,None
2026-03-18T12:22:32.590929,151,CRITICAL_VIOLATION,True,False,None
2026-03-18T12:22:32.690892,152,CRITICAL_VIOLATION,True,False,None
2026-03-18T12:22:32.778517,153,CRITICAL_VIOLATION,True,False,None
2026-03-18T12:22:32.872468,154,CRITICAL_VIOLATION,True,False,None
2026-03-18T12:22:32.956427,155,CRITICAL_VIOLATION,True,False,None
2026-03-18T12:22:33.025161,156,CRITICAL_VIOLATION,True,False,None
2026-03-18T12:22:33.125668,157,CRITICAL_VIOLATION,True,False,None
2026-03-18T12:22:33.220352,158,CRITICAL_VIOLATION,True,False,None
2026-03-18T12:22:33.322640,159,CRITICAL_VIOLATION,True,False,None
2026-03-18T12:22:33.418124,160,CRITICAL_VIOLATION,True,False,None
2026-03-18T12:22:33.418124,160,CRITICAL_VIOLATION,True,False,None
2026-03-18T12:22:33.523335,161,CRITICAL_VIOLATION,True,False,None
2026-03-18T12:22:33.523335,161,CRITICAL_VIOLATION,True,False,None
2026-03-18T12:22:34.459159,171,CRITICAL_VIOLATION,True,False,None
2026-03-18T12:22:34.459159,171,PPE_VIOLATION_SAFE,False,False,None
2026-03-18T12:22:34.459159,171,PPE_VIOLATION_SAFE,False,False,None
2026-03-18T12:22:34.571434,172,CRITICAL_VIOLATION,True,False,None
2026-03-18T12:22:34.571434,172,PPE_VIOLATION_SAFE,False,False,None
2026-03-18T12:22:34.571434,172,PPE_VIOLATION_SAFE,False,False,None
2026-03-18T12:22:34.667310,173,CRITICAL_VIOLATION,True,False,None
2026-03-18T12:22:34.667310,173,PPE_VIOLATION_SAFE,False,False,None
2026-03-18T12:22:34.667310,173,PPE_VIOLATION_SAFE,False,False,None
2026-03-18T12:22:34.740388,174,CRITICAL_VIOLATION,True,False,None
2026-03-18T12:22:34.740388,174,PPE_VIOLATION_SAFE,False,False,None
2026-03-18T12:22:58.396314,489,PPE_VIOLATION_SAFE,False,False,None
2026-03-18T12:22:58.459753,490,PPE_VIOLATION_SAFE,False,False,None
2026-03-18T12:22:58.506499,491,PPE_VIOLATION_SAFE,False,False,None
2026-03-18T12:22:58.942120,499,PPE_VIOLATION_SAFE,False,False,None
2026-03-18T12:22:59.234063,503,PPE_VIOLATION_SAFE,False,False,None
2026-03-18T12:22:59.234063,503,PPE_VIOLATION_SAFE,False,False,None
2026-03-18T12:22:59.294847,504,PPE_VIOLATION_SAFE,False,False,None
2026-03-18T12:22:59.294847,504,PPE_VIOLATION_SAFE,False,False,None
2026-03-18T12:22:59.389572,505,PPE_VIOLATION_SAFE,False,False,None
2026-03-18T12:22:59.389572,505,PPE_VIOLATION_SAFE,False,False,None
2026-03-18T12:22:59.456549,506,PPE_VIOLATION_SAFE,False,False,None
2026-03-18T12:22:59.456549,506,PPE_VIOLATION_SAFE,False,False,None
2026-03-18T12:22:59.550081,507,PPE_VIOLATION_SAFE,False,False,None
2026-03-18T12:22:59.550081,507,PPE_VIOLATION_SAFE,False,False,None
2026-03-18T12:22:59.635487,508,PPE_VIOLATION_SAFE,False,False,None
2026-03-18T12:22:59.778112,510,PPE_VIOLATION_SAFE,False,False,None
2026-03-18T12:22:59.861012,511,PPE_VIOLATION_SAFE,False,False,None
2026-03-18T12:22:59.979746,513,PPE_VIOLATION_SAFE,False,False,None
2026-03-18T12:23:00.055311,514,PPE_VIOLATION_SAFE,False,False,None
2026-03-18T12:23:00.132779,515,PPE_VIOLATION_SAFE,False,False,None
2026-03-18T12:23:00.216555,516,PPE_VIOLATION_SAFE,False,False,None
2026-03-18T12:23:00.283789,517,PPE_VIOLATION_SAFE,False,False,None
2026-03-18T12:23:00.349925,518,PPE_VIOLATION_SAFE,False,False,None
2026-03-18T12:23:00.436200,519,PPE_VIOLATION_SAFE,False,False,None
2026-03-18T12:23:00.526090,520,PPE_VIOLATION_SAFE,False,False,None
2026-03-18T12:23:00.611941,521,PPE_VIOLATION_SAFE,False,False,None
2026-03-18T12:23:00.697352,522,PPE_VIOLATION_SAFE,False,False,None
2026-03-18T12:23:00.755202,523,PPE_VIOLATION_SAFE,False,False,None
2026-03-18T12:23:00.830486,524,PPE_VIOLATION_SAFE,False,False,None
2026-03-18T12:23:00.925457,525,PPE_VIOLATION_SAFE,False,False,None
2026-03-18T12:23:00.996002,526,PPE_VIOLATION_SAFE,False,False,None
2026-03-18T12:23:01.081280,527,PPE_VIOLATION_SAFE,False,False,None
2026-03-18T12:23:01.155599,528,PPE_VIOLATION_SAFE,False,False,None
2026-03-18T12:23:01.242196,529,PPE_VIOLATION_SAFE,False,False,None
2026-03-18T12:23:01.308446,530,PPE_VIOLATION_SAFE,False,False,None
2026-03-18T12:23:01.385286,531,PPE_VIOLATION_SAFE,False,False,None
2026-03-18T12:23:01.446090,532,PPE_VIOLATION_SAFE,False,False,None
2026-03-18T12:23:01.525309,533,PPE_VIOLATION_SAFE,False,False,None
2026-03-18T12:23:01.590626,534,PPE_VIOLATION_SAFE,False,False,None
2026-03-18T12:23:01.681909,535,PPE_VIOLATION_SAFE,False,False,None
2026-03-18T12:23:01.763358,536,PPE_VIOLATION_SAFE,False,False,None
2026-03-18T12:23:01.816082,537,PPE_VIOLATION_SAFE,False,False,None
2026-03-18T12:23:01.816082,537,PPE_VIOLATION_SAFE,False,False,None
2026-03-18T12:23:01.895052,538,PPE_VIOLATION_SAFE,False,False,None
2026-03-18T12:23:01.970975,539,PPE_VIOLATION_SAFE,False,False,None
2026-03-18T12:23:01.970975,539,PPE_VIOLATION_SAFE,False,False,None
2026-03-18T12:23:02.035414,540,PPE_VIOLATION_SAFE,False,False,None
2026-03-18T12:23:02.035414,540,PPE_VIOLATION_SAFE,False,False,None
2026-03-18T12:23:02.088619,541,PPE_VIOLATION_SAFE,False,False,None
2026-03-18T12:23:02.099194,541,PPE_VIOLATION_SAFE,False,False,None
2026-03-18T12:23:02.176927,542,PPE_VIOLATION_SAFE,False,False,None
2026-03-18T12:23:02.265323,543,PPE_VIOLATION_SAFE,False,False,None
2026-03-18T12:23:02.333960,544,PPE_VIOLATION_SAFE,False,False,None
2026-03-18T12:23:02.333960,544,PPE_VIOLATION_SAFE,False,False,None
2026-03-18T12:23:02.421085,545,PPE_VIOLATION_SAFE,False,False,None
2026-03-18T12:23:02.421085,545,PPE_VIOLATION_SAFE,False,False,None
2026-03-18T12:23:02.505757,546,PPE_VIOLATION_SAFE,False,False,None
2026-03-18T12:23:02.505757,546,PPE_VIOLATION_SAFE,False,False,None
2026-03-18T12:23:02.594730,547,PPE_VIOLATION_SAFE,False,False,None
2026-03-18T12:23:02.658000,548,PPE_VIOLATION_SAFE,False,False,None
2026-03-18T12:23:02.728224,549,PPE_VIOLATION_SAFE,False,False,None
2026-03-18T12:23:02.790476,550,PPE_VIOLATION_SAFE,False,False,None
2026-03-18T12:23:02.790476,550,PPE_VIOLATION_SAFE,False,False,None
2026-03-18T12:23:02.846580,551,PPE_VIOLATION_SAFE,False,False,None
2026-03-18T12:23:02.846580,551,PPE_VIOLATION_SAFE,False,False,None
2026-03-18T12:23:02.898415,552,PPE_VIOLATION_SAFE,False,False,None
2026-03-18T12:23:02.898415,552,PPE_VIOLATION_SAFE,False,False,None
2026-03-18T12:23:02.963840,553,PPE_VIOLATION_SAFE,False,False,None
2026-03-18T12:23:02.963840,553,PPE_VIOLATION_SAFE,False,False,None
2026-03-18T12:23:03.044520,554,PPE_VIOLATION_SAFE,False,False,None
2026-03-18T12:23:03.091970,555,PPE_VIOLATION_SAFE,False,False,None
2026-03-18T12:23:03.168800,556,PPE_VIOLATION_SAFE,False,False,None
2026-03-18T12:23:03.168800,556,PPE_VIOLATION_SAFE,False,False,None
2026-03-18T12:23:03.263314,557,PPE_VIOLATION_SAFE,False,False,None
2026-03-18T12:23:03.263314,557,PPE_VIOLATION_SAFE,False,False,None
2026-03-18T12:23:03.329580,558,PPE_VIOLATION_SAFE,False,False,None
2026-03-18T12:23:03.329580,558,PPE_VIOLATION_SAFE,False,False,None
2026-03-18T12:23:03.396109,559,PPE_VIOLATION_SAFE,False,False,None
2026-03-18T12:23:03.396109,559,PPE_VIOLATION_SAFE,False,False,None
2026-03-18T12:23:03.467141,560,PPE_VIOLATION_SAFE,False,False,None
2026-03-18T12:23:03.467141,560,PPE_VIOLATION_SAFE,False,False,None
2026-03-18T12:23:03.528697,561,PPE_VIOLATION_SAFE,False,False,None
2026-03-18T12:23:03.528697,561,PPE_VIOLATION_SAFE,False,False,None
2026-03-18T12:23:03.602731,562,PPE_VIOLATION_SAFE,False,False,None
2026-03-18T12:23:03.602731,562,PPE_VIOLATION_SAFE,False,False,None
2026-03-18T12:23:03.663725,563,PPE_VIOLATION_SAFE,False,False,None
2026-03-18T12:23:03.733540,564,PPE_VIOLATION_SAFE,False,False,None
2026-03-18T12:23:03.799191,565,PPE_VIOLATION_SAFE,False,False,None
2026-03-18T12:23:03.882149,566,PPE_VIOLATION_SAFE,False,False,None
2026-03-18T12:23:03.957517,567,PPE_VIOLATION_SAFE,False,False,None
2026-03-18T12:23:04.013587,568,PPE_VIOLATION_SAFE,False,False,None
2026-03-18T12:23:04.078163,569,PPE_VIOLATION_SAFE,False,False,None
2026-03-18T12:23:04.148634,570,PPE_VIOLATION_SAFE,False,False,None
2026-03-18T12:23:04.240423,571,PPE_VIOLATION_SAFE,False,False,None
2026-03-18T12:23:04.330452,572,PPE_VIOLATION_SAFE,False,False,None
2026-03-18T12:23:04.389745,573,PPE_VIOLATION_SAFE,False,False,None
2026-03-18T12:23:04.450557,574,PPE_VIOLATION_SAFE,False,False,None
2026-03-18T12:23:04.525055,575,PPE_VIOLATION_SAFE,False,False,None
2026-03-18T12:23:04.615131,576,PPE_VIOLATION_SAFE,False,False,None
2026-03-18T12:23:04.671073,577,PPE_VIOLATION_SAFE,False,False,None
2026-03-18T12:23:04.740880,578,PPE_VIOLATION_SAFE,False,False,None
2026-03-18T12:23:04.807408,579,PPE_VIOLATION_SAFE,False,False,None
2026-03-18T12:23:04.863386,580,PPE_VIOLATION_SAFE,False,False,None
2026-03-18T12:23:04.926021,581,PPE_VIOLATION_SAFE,False,False,None
2026-03-18T12:23:04.985967,582,PPE_VIOLATION_SAFE,False,False,None
2026-03-18T12:23:05.041946,583,PPE_VIOLATION_SAFE,False,False,None
2026-03-18T12:23:05.101621,584,PPE_VIOLATION_SAFE,False,False,None
2026-03-18T12:23:05.199817,585,PPE_VIOLATION_SAFE,False,False,None
2026-03-18T12:23:05.199817,585,PPE_VIOLATION_SAFE,False,False,None
2026-03-18T12:23:05.250542,586,PPE_VIOLATION_SAFE,False,False,None
2026-03-18T12:23:05.250542,586,PPE_VIOLATION_SAFE,False,False,None
2026-03-18T12:23:05.344017,587,PPE_VIOLATION_SAFE,False,False,None
2026-03-18T12:23:05.344017,587,PPE_VIOLATION_SAFE,False,False,None
2026-03-18T12:23:05.425135,588,PPE_VIOLATION_SAFE,False,False,None
2026-03-18T12:23:05.425135,588,PPE_VIOLATION_SAFE,False,False,None
2026-03-18T12:23:05.492985,589,PPE_VIOLATION_SAFE,False,False,None
2026-03-18T12:23:05.492985,589,PPE_VIOLATION_SAFE,False,False,None
2026-03-18T12:23:05.575457,590,PPE_VIOLATION_SAFE,False,False,None
2026-03-18T12:23:05.575457,590,PPE_VIOLATION_SAFE,False,False,None
2026-03-18T12:23:05.642420,591,PPE_VIOLATION_SAFE,False,False,None
2026-03-18T12:23:05.642420,591,PPE_VIOLATION_SAFE,False,False,None
2026-03-18T12:23:05.716688,592,PPE_VIOLATION_SAFE,False,False,None
2026-03-18T12:23:05.785986,593,PPE_VIOLATION_SAFE,False,False,None
2026-03-18T12:23:05.850552,594,PPE_VIOLATION_SAFE,False,False,None
2026-03-18T12:23:05.909457,595,PPE_VIOLATION_SAFE,False,False,None
2026-03-18T12:23:05.988672,596,PPE_VIOLATION_SAFE,False,False,None
2026-03-18T12:23:06.071203,597,PPE_VIOLATION_SAFE,False,False,None
2026-03-18T12:23:06.143505,598,PPE_VIOLATION_SAFE,False,False,None
2026-03-18T12:23:06.204087,599,PPE_VIOLATION_SAFE,False,False,None
2026-03-18T12:23:06.272232,600,PPE_VIOLATION_SAFE,False,False,None
2026-03-18T12:23:06.272232,600,PPE_VIOLATION_SAFE,False,False,None
2026-03-18T12:23:06.332515,601,PPE_VIOLATION_SAFE,False,False,None
2026-03-18T12:23:06.332515,601,PPE_VIOLATION_SAFE,False,False,None
2026-03-18T12:23:06.401254,602,PPE_VIOLATION_SAFE,False,False,None
2026-03-18T12:23:06.401254,602,PPE_VIOLATION_SAFE,False,False,None
2026-03-18T12:23:06.457085,603,PPE_VIOLATION_SAFE,False,False,None
2026-03-18T12:23:06.457085,603,PPE_VIOLATION_SAFE,False,False,None
2026-03-18T12:23:06.530624,604,PPE_VIOLATION_SAFE,False,False,None
2026-03-18T12:23:06.530624,604,PPE_VIOLATION_SAFE,False,False,None
2026-03-18T12:23:06.581869,605,PPE_VIOLATION_SAFE,False,False,None
2026-03-18T12:23:06.581869,605,PPE_VIOLATION_SAFE,False,False,None
2026-03-18T12:23:06.668400,606,PPE_VIOLATION_SAFE,False,False,None
2026-03-18T12:23:06.668400,606,PPE_VIOLATION_SAFE,False,False,None
2026-03-18T12:23:06.714703,607,PPE_VIOLATION_SAFE,False,False,None
2026-03-18T12:23:06.714703,607,PPE_VIOLATION_SAFE,False,False,None
2026-03-18T12:23:06.781010,608,PPE_VIOLATION_SAFE,False,False,None
2026-03-18T12:23:06.831316,609,PPE_VIOLATION_SAFE,False,False,None
2026-03-18T12:23:06.876171,610,PPE_VIOLATION_SAFE,False,False,None
2026-03-18T12:23:06.939035,611,PPE_VIOLATION_SAFE,False,False,None
2026-03-18T12:23:06.993173,612,PPE_VIOLATION_SAFE,False,False,None
2026-03-18T12:23:07.069921,613,PPE_VIOLATION_SAFE,False,False,None
2026-03-18T12:23:07.146234,614,PPE_VIOLATION_SAFE,False,False,None
2026-03-18T12:23:07.217745,615,PPE_VIOLATION_SAFE,False,False,None
2026-03-18T12:23:08.080141,628,UNATTENDED_MACHINE,False,False,N/A
2026-03-18T12:23:08.140012,629,UNATTENDED_MACHINE,False,False,N/A
2026-03-18T12:23:08.203691,630,UNATTENDED_MACHINE,False,False,N/A
2026-03-18T12:23:08.273836,631,UNATTENDED_MACHINE,False,False,N/A
2026-03-18T12:23:08.353637,632,UNATTENDED_MACHINE,False,False,N/A
2026-03-18T12:23:08.432297,633,UNATTENDED_MACHINE,False,False,N/A
2026-03-18T12:23:08.491975,634,UNATTENDED_MACHINE,False,False,N/A
2026-03-18T12:23:08.577351,635,UNATTENDED_MACHINE,False,False,N/A
2026-03-18T12:23:08.670751,636,UNATTENDED_MACHINE,False,False,N/A
2026-03-18T12:23:08.744246,637,UNATTENDED_MACHINE,False,False,N/A
2026-03-18T12:23:08.816227,638,UNATTENDED_MACHINE,False,False,N/A
2026-03-18T12:23:08.868758,639,UNATTENDED_MACHINE,False,False,N/A
2026-03-18T12:23:08.956371,640,UNATTENDED_MACHINE,False,False,N/A
2026-03-18T12:23:09.010813,641,UNATTENDED_MACHINE,False,False,N/A
2026-03-18T12:23:09.107121,642,UNATTENDED_MACHINE,False,False,N/A
2026-03-18T12:23:09.179949,643,UNATTENDED_MACHINE,False,False,N/A
2026-03-18T12:23:09.247357,644,UNATTENDED_MACHINE,False,False,N/A
2026-03-18T12:23:09.338853,645,UNATTENDED_MACHINE,False,False,N/A
2026-03-18T12:23:09.408404,646,UNATTENDED_MACHINE,False,False,N/A
2026-03-18T12:23:09.486649,647,UNATTENDED_MACHINE,False,False,N/A
2026-03-18T12:23:09.566463,648,UNATTENDED_MACHINE,False,False,N/A
2026-03-18T12:23:09.617439,649,UNATTENDED_MACHINE,False,False,N/A
2026-03-18T12:23:09.689629,650,UNATTENDED_MACHINE,False,False,N/A
2026-03-18T12:23:09.758904,651,UNATTENDED_MACHINE,False,False,N/A
2026-03-18T12:23:09.838561,652,UNATTENDED_MACHINE,False,False,N/A
2026-03-18T12:23:09.923678,653,UNATTENDED_MACHINE,False,False,N/A
2026-03-18T12:23:09.980736,654,UNATTENDED_MACHINE,False,False,N/A
2026-03-18T12:23:10.049406,655,UNATTENDED_MACHINE,False,False,N/A
2026-03-18T12:23:10.111491,656,UNATTENDED_MACHINE,False,False,N/A
2026-03-18T12:23:10.175475,657,UNATTENDED_MACHINE,False,False,N/A
2026-03-18T12:23:10.252782,658,UNATTENDED_MACHINE,False,False,N/A
2026-03-18T12:23:10.331645,659,UNATTENDED_MACHINE,False,False,N/A
2026-03-18T12:23:10.396685,660,UNATTENDED_MACHINE,False,False,N/A
2026-03-18T12:23:11.649876,679,PPE_VIOLATION_SAFE,False,False,None
2026-03-18T12:23:11.708518,680,PPE_VIOLATION_SAFE,False,False,None
2026-03-18T12:23:11.769635,681,PPE_VIOLATION_SAFE,False,False,None
2026-03-18T12:23:11.835085,682,PPE_VIOLATION_SAFE,False,False,None
2026-03-18T12:23:11.884986,683,PPE_VIOLATION_SAFE,False,False,None
2026-03-18T12:23:11.959674,684,COMPLIANT,False,True,Vest
2026-03-18T12:23:11.959674,684,PPE_VIOLATION_SAFE,False,False,None
2026-03-18T12:23:12.025688,685,COMPLIANT,False,True,Vest
2026-03-18T12:23:12.025688,685,PPE_VIOLATION_SAFE,False,False,None
2026-03-18T12:23:12.119179,686,PPE_VIOLATION_SAFE,False,False,None
2026-03-18T12:23:12.179549,687,PPE_VIOLATION_SAFE,False,False,None
2026-03-18T12:23:12.234172,688,COMPLIANT,False,True,Vest
2026-03-18T12:23:12.308798,689,COMPLIANT,False,True,Vest
2026-03-18T12:23:12.308798,689,PPE_VIOLATION_SAFE,False,False,None
2026-03-18T12:23:12.376109,690,COMPLIANT,False,True,Vest
2026-03-18T12:23:12.376109,690,PPE_VIOLATION_SAFE,False,False,None
2026-03-18T12:23:12.453215,691,COMPLIANT,False,True,Vest
2026-03-18T12:23:12.453215,691,PPE_VIOLATION_SAFE,False,False,None
2026-03-18T12:23:12.535360,692,PPE_VIOLATION_SAFE,False,False,None
2026-03-18T12:23:12.535360,692,COMPLIANT,False,True,Vest
2026-03-18T12:23:12.583557,693,COMPLIANT,False,True,Vest
2026-03-18T12:23:12.583557,693,PPE_VIOLATION_SAFE,False,False,None
2026-03-18T12:23:12.650232,694,COMPLIANT,False,True,Vest
2026-03-18T12:23:12.650232,694,PPE_VIOLATION_SAFE,False,False,None
2026-03-18T12:23:12.716030,695,COMPLIANT,False,True,Vest
2026-03-18T12:23:12.716030,695,PPE_VIOLATION_SAFE,False,False,None
2026-03-18T12:23:12.776812,696,COMPLIANT,False,True,Vest
2026-03-18T12:23:12.776812,696,PPE_VIOLATION_SAFE,False,False,None
2026-03-18T12:23:12.838679,697,PPE_VIOLATION_SAFE,False,False,None
2026-03-18T12:23:12.838679,697,COMPLIANT,False,True,Vest
2026-03-18T12:23:12.904981,698,PPE_VIOLATION_SAFE,False,False,None
2026-03-18T12:23:12.966378,699,PPE_VIOLATION_SAFE,False,False,None
2026-03-18T12:23:13.038811,700,PPE_VIOLATION_SAFE,False,False,None
2026-03-18T12:23:13.102987,701,PPE_VIOLATION_SAFE,False,False,None
2026-03-18T12:23:13.160090,702,PPE_VIOLATION_SAFE,False,False,None
2026-03-18T12:23:13.216406,703,PPE_VIOLATION_SAFE,False,False,None
2026-03-18T12:23:13.294362,704,PPE_VIOLATION_SAFE,False,False,None
2026-03-18T12:23:13.352003,705,PPE_VIOLATION_SAFE,False,False,None
2026-03-18T12:23:13.403172,706,PPE_VIOLATION_SAFE,False,False,None
2026-03-18T12:23:13.403172,706,COMPLIANT,False,True,Vest
2026-03-18T12:23:13.403172,706,PPE_VIOLATION_SAFE,False,False,None
2026-03-18T12:23:13.462436,707,PPE_VIOLATION_SAFE,False,False,None
2026-03-18T12:23:13.532804,708,PPE_VIOLATION_SAFE,False,False,None
2026-03-18T12:23:13.532804,708,COMPLIANT,False,True,Vest
2026-03-18T12:23:13.609367,709,PPE_VIOLATION_SAFE,False,False,None
2026-03-18T12:23:13.609367,709,COMPLIANT,False,True,Vest
2026-03-18T12:23:13.665467,710,PPE_VIOLATION_SAFE,False,False,None
2026-03-18T12:23:13.665467,710,COMPLIANT,False,True,Vest
2026-03-18T12:23:13.729153,711,PPE_VIOLATION_SAFE,False,False,None
2026-03-18T12:23:13.729153,711,COMPLIANT,False,True,Vest
2026-03-18T12:23:13.783176,712,COMPLIANT,False,True,Vest
2026-03-18T12:23:13.783176,712,PPE_VIOLATION_SAFE,False,False,None
2026-03-18T12:23:13.869076,713,PPE_VIOLATION_SAFE,False,False,None
2026-03-18T12:23:13.870079,713,COMPLIANT,False,True,Vest
2026-03-18T12:23:13.941803,714,COMPLIANT,False,True,Vest
2026-03-18T12:23:13.941803,714,PPE_VIOLATION_SAFE,False,False,None
2026-03-18T12:23:14.010978,715,COMPLIANT,False,True,Vest
2026-03-18T12:23:14.010978,715,PPE_VIOLATION_SAFE,False,False,None
2026-03-18T12:23:14.091210,716,COMPLIANT,False,True,Vest
2026-03-18T12:23:14.091210,716,PPE_VIOLATION_SAFE,False,False,None
2026-03-18T12:23:14.167734,717,PPE_VIOLATION_SAFE,False,False,None
2026-03-18T12:23:14.167734,717,COMPLIANT,False,True,Vest
2026-03-18T12:23:14.240115,718,PPE_VIOLATION_SAFE,False,False,None
2026-03-18T12:23:14.240115,718,COMPLIANT,False,True,Vest
2026-03-18T12:23:14.301055,719,COMPLIANT,False,True,Vest
2026-03-18T12:23:14.301055,719,PPE_VIOLATION_SAFE,False,False,None
2026-03-18T12:23:14.388486,720,COMPLIANT,False,True,Vest
2026-03-18T12:23:14.388486,720,PPE_VIOLATION_SAFE,False,False,None
2026-03-18T12:23:14.452417,721,PPE_VIOLATION_SAFE,False,False,None
2026-03-18T12:23:14.452417,721,COMPLIANT,False,True,Vest
2026-03-18T12:23:14.533409,722,PPE_VIOLATION_SAFE,False,False,None
2026-03-18T12:23:14.533409,722,COMPLIANT,False,True,Vest
2026-03-18T12:23:14.613035,723,PPE_VIOLATION_SAFE,False,False,None
2026-03-18T12:23:14.613035,723,COMPLIANT,False,True,Vest
2026-03-18T12:23:14.668799,724,PPE_VIOLATION_SAFE,False,False,None
2026-03-18T12:23:14.668799,724,COMPLIANT,False,True,Vest
2026-03-18T12:23:14.730510,725,PPE_VIOLATION_SAFE,False,False,None
2026-03-18T12:23:14.730510,725,COMPLIANT,False,True,Vest
2026-03-18T12:23:14.791527,726,PPE_VIOLATION_SAFE,False,False,None
2026-03-18T12:23:14.791527,726,COMPLIANT,False,True,Vest
2026-03-18T12:23:14.846466,727,PPE_VIOLATION_SAFE,False,False,None
2026-03-18T12:23:14.846466,727,COMPLIANT,False,True,Vest
2026-03-18T12:23:14.914026,728,PPE_VIOLATION_SAFE,False,False,None
2026-03-18T12:23:14.914026,728,COMPLIANT,False,True,Vest
2026-03-18T12:23:14.981914,729,PPE_VIOLATION_SAFE,False,False,None
2026-03-18T12:23:14.981914,729,COMPLIANT,False,True,Vest
2026-03-18T12:23:15.040467,730,PPE_VIOLATION_SAFE,False,False,None
2026-03-18T12:23:15.040467,730,COMPLIANT,False,True,Vest
2026-03-18T12:23:15.102584,731,PPE_VIOLATION_SAFE,False,False,None
2026-03-18T12:23:15.102584,731,COMPLIANT,False,True,Vest
2026-03-18T12:23:15.171007,732,PPE_VIOLATION_SAFE,False,False,None
2026-03-18T12:23:15.171007,732,COMPLIANT,False,True,Vest
2026-03-18T12:23:15.242599,733,PPE_VIOLATION_SAFE,False,False,None
2026-03-18T12:23:15.242599,733,COMPLIANT,False,True,Vest
2026-03-18T12:23:15.316969,734,PPE_VIOLATION_SAFE,False,False,None
2026-03-18T12:23:15.316969,734,COMPLIANT,False,True,Vest
2026-03-18T12:23:15.403895,735,PPE_VIOLATION_SAFE,False,False,None
2026-03-18T12:23:15.403895,735,COMPLIANT,False,True,Vest
